city,city_ascii,lat,lng,country,iso2,iso3,admin_name,capital,population,id,,,,
Lima,Lima,-12.05,-77.0333,Peru,PE,PER,Lima,primary,9848000,1604728603,,,,
Callao,Callao,-12.0611,-77.1333,Peru,PE,PER,Callao,admin,1129854,1604422141,,,,
Arequipa,Arequipa,-16.3988,-71.5369,Peru,PE,PER,Arequipa,admin,1008290,1604723954,,,,
Trujillo,Trujillo,-8.1119,-79.0289,Peru,PE,PER,La Libertad,admin,919899,1604613706,,,,
Chiclayo,Chiclayo,-6.763,-79.8366,Peru,PE,PER,Lambayeque,admin,552508,1604799615,,,,
Chimbote,Chimbote,-9.0745,-78.5936,Peru,PE,PER,Ancash,,497875,1604199858,,,,
Piura,Piura,-5.2008,-80.6253,Peru,PE,PER,Piura,admin,473025,1604331641,,,,
Cusco,Cusco,-13.5183,-71.9781,Peru,PE,PER,Cusco,admin,428450,1604162901,,,,
Huancayo,Huancayo,-12.0667,-75.2167,Peru,PE,PER,Junín,admin,378203,1604249985,,,,
Iquitos,Iquitos,-3.7333,-73.25,Peru,PE,PER,Loreto,admin,377609,1604493809,,,,
Pucallpa,Pucallpa,-8.3833,-74.55,Peru,PE,PER,Ucayali,admin,326040,1604478712,,,,
Juliaca,Juliaca,-15.4908,-70.1269,Peru,PE,PER,Puno,,291189,1604174464,,,,
Tacna,Tacna,-18.0556,-70.2483,Peru,PE,PER,Tacna,admin,286240,1604388134,,,,
Ica,Ica,-14.0667,-75.7333,Peru,PE,PER,Ica,admin,282407,1604607907,,,,
Tarapoto,Tarapoto,-6.4833,-76.3667,Peru,PE,PER,San Martín,,240453,1604622202,,,,
Huacho,Huacho,-11.1083,-77.6083,Peru,PE,PER,Lima,admin,200585,1604316784,,,,
Cajamarca,Cajamarca,-7.1644,-78.5106,Peru,PE,PER,Cajamarca,admin,201329,1604091119,,,,
Huánuco,Huanuco,-9.9294,-76.2397,Peru,PE,PER,Huánuco,admin,196627,1604589102,,,,
Ayacucho,Ayacucho,-13.1631,-74.2244,Peru,PE,PER,Ayacucho,admin,180766,1604300430,,,,
Paita,Paita,-5.0667,-81.1,Peru,PE,PER,Piura,,179346,1604588759,,,,
Sullana,Sullana,-4.9039,-80.6853,Peru,PE,PER,Piura,,162434,1604666111,,,,
Huaycan,Huaycan,-12.0139,-76.825,Peru,PE,PER,Lima,,160000,1604578883,,,,
Barranca,Barranca,-10.7539,-77.761,Peru,PE,PER,Lima,,144381,1604547675,,,,
Puno,Puno,-15.8433,-70.0236,Peru,PE,PER,Puno,admin,128637,1604227042,,,,
Huaraz,Huaraz,-9.5333,-77.5333,Peru,PE,PER,Ancash,admin,118836,1604026500,,,,
Pisco,Pisco,-13.71,-76.2032,Peru,PE,PER,Ica,,109965,1604438126,,,,
Talara,Talara,-4.5833,-81.2667,Peru,PE,PER,Piura,,103200,1604790735,,,,
Tumbes,Tumbes,-3.5667,-80.45,Peru,PE,PER,Tumbes,admin,96946,1604505281,,,,
Puerto Maldonado,Puerto Maldonado,-12.6,-69.1833,Peru,PE,PER,Madre de Dios,admin,85024,1604871130,,,,
Abancay,Abancay,-13.6333,-72.8833,Peru,PE,PER,Apurímac,admin,72277,1604782074,,,,
Moquegua,Moquegua,-17.2,-70.9333,Peru,PE,PER,Moquegua,admin,69882,1604230427,,,,
Cerro de Pasco,Cerro de Pasco,-10.6864,-76.2625,Peru,PE,PER,Pasco,admin,58899,1604446908,,,,
Moyobamba,Moyobamba,-6.0333,-76.9667,Peru,PE,PER,San Martín,admin,50073,1604635600,,,,
Huancavelica,Huancavelica,-12.785,-74.9714,Peru,PE,PER,Huancavelica,admin,49570,1604876709,,,,
Chachapoyas,Chachapoyas,-6.2167,-77.85,Peru,PE,PER,Amazonas,admin,32026,1604650674,,,,
Chosica,Chosica,-11.9361,-76.6972,Peru,PE,PER,Lima,,88606,1604040866,,,,
Andahuaylas,Andahuaylas,-13.6575,-73.3833,Peru,PE,PER,Apurímac,,80000,1604615351,,,,
Huaral,Huaral,-11.5008,-77.2091,Peru,PE,PER,Lima,,79011,1604962520,,,,
Chulucanas,Chulucanas,-5.1092,-80.1625,Peru,PE,PER,Piura,,68835,1604692561,,,,
Ilo,Ilo,-17.6486,-71.3306,Peru,PE,PER,Moquegua,,66118,1604886582,,,,
Chincha Alta,Chincha Alta,-13.45,-76.1333,Peru,PE,PER,Ica,,63671,1604035626,,,,
Yurimaguas,Yurimaguas,-5.9,-76.0833,Peru,PE,PER,Loreto,,62903,1604248295,,,,
Lambayeque,Lambayeque,-6.7,-79.9,Peru,PE,PER,Lambayeque,,58276,1604253597,,,,
Sicuani,Sicuani,-14.2694,-71.2261,Peru,PE,PER,Cusco,,57551,1604929096,,,,
Chota,Chota,-6.5614,-78.6486,Peru,PE,PER,Cajamarca,,54611,1604928947,,,,
Tarma,Tarma,-11.4167,-75.6833,Peru,PE,PER,Junín,,54078,1604810508,,,,
Jaén,Jaen,-5.6992,-78.8009,Peru,PE,PER,Cajamarca,,52493,1604707495,,,,
Tingo María,Tingo Maria,-9.3015,-76.0361,Peru,PE,PER,Huánuco,,46191,1604736000,,,,
Bagua Grande,Bagua Grande,-5.7572,-78.4453,Peru,PE,PER,Amazonas,,40947,1604518174,,,,
Huaura,Huaura,-11.1,-77.6,Peru,PE,PER,Lima,,40400,1604503366,,,,
Juanjuí,Juanjui,-7.1802,-76.7265,Peru,PE,PER,San Martín,,37715,1604229756,,,,
Virú,Viru,-8.4143,-78.7524,Peru,PE,PER,La Libertad,,36029,1604901046,,,,
Chancay,Chancay,-11.5653,-77.2714,Peru,PE,PER,Lima,,35466,1604882367,,,,
Forbe Oroya,Forbe Oroya,-11.5333,-75.9,Peru,PE,PER,Junín,,33000,1604666304,,,,
Ferreñafe,Ferrenafe,-6.6391,-79.788,Peru,PE,PER,Lambayeque,,31777,1604452796,,,,
Sechura,Sechura,-5.5576,-80.8223,Peru,PE,PER,Piura,,32144,1604728914,,,,
Pativilca,Pativilca,-10.6996,-77.8,Peru,PE,PER,Lima,,31905,1604804321,,,,
Huamachuco,Huamachuco,-7.8121,-78.0487,Peru,PE,PER,La Libertad,,30835,1604864093,,,,
Huanta,Huanta,-12.9397,-74.2475,Peru,PE,PER,Ayacucho,,30234,1604179024,,,,
Casma,Casma,-9.4742,-78.3106,Peru,PE,PER,Ancash,,30000,1604136455,,,,
Tocache Nuevo,Tocache Nuevo,-8.1886,-76.5103,Peru,PE,PER,San Martín,,29029,1604060187,,,,
Jauja,Jauja,-11.775,-75.5,Peru,PE,PER,Junín,,27560,1604948232,,,,
Mollendo,Mollendo,-17.0167,-72.0167,Peru,PE,PER,Arequipa,,28305,1604134214,,,,
Pacasmayo,Pacasmayo,-7.4003,-79.57,Peru,PE,PER,La Libertad,,26125,1604459740,,,,
San Vicente de Cañete,San Vicente de Canete,-13.0833,-76.4,Peru,PE,PER,Lima,,25829,1604901496,,,,
Otuzco,Otuzco,-7.9025,-78.5657,Peru,PE,PER,La Libertad,,25134,1604161129,,,,
Santo Tomás,Santo Tomas,-14.45,-72.082,Peru,PE,PER,Cusco,,25087,1604893836,,,,
Carás,Caras,-9.0483,-77.8108,Peru,PE,PER,Ancash,,23841,1604139629,,,,
Nazca,Nazca,-14.8289,-74.9436,Peru,PE,PER,Ica,,22859,1604291738,,,,
Camaná,Camana,-16.6233,-72.7092,Peru,PE,PER,Arequipa,,20956,1604379091,,,,
Juli,Juli,-16.2125,-69.4603,Peru,PE,PER,Puno,,21462,1604693505,,,,
Ayaviri,Ayaviri,-14.8818,-70.5901,Peru,PE,PER,Puno,,19310,1604922172,,,,
Contamana,Contamana,-7.3333,-75.0167,Peru,PE,PER,Loreto,minor,18921,1604465551,,,,
Requena,Requena,-5.0569,-73.8515,Peru,PE,PER,Loreto,,18000,1604712979,,,,
Zarumilla,Zarumilla,-3.5014,-80.2722,Peru,PE,PER,Tumbes,,16971,1604793858,,,,
San Pedro de Lloc,San Pedro de Lloc,-7.4267,-79.5038,Peru,PE,PER,La Libertad,,16198,1604981283,,,,
Puerto Pimentel,Puerto Pimentel,-6.8367,-79.9342,Peru,PE,PER,Lambayeque,,15552,1604924541,,,,
Huarmey,Huarmey,-10.0686,-78.1603,Peru,PE,PER,Ancash,,16172,1604582499,,,,
Ilave,Ilave,-16.0866,-69.6354,Peru,PE,PER,Puno,,16033,1604815838,,,,
Puquio,Puquio,-14.6939,-74.1241,Peru,PE,PER,Ayacucho,,15870,1604629997,,,,
Junín,Junin,-11.15,-75.9833,Peru,PE,PER,Junín,,15320,1604997443,,,,
San Ramón,San Ramon,-11.1247,-75.3569,Peru,PE,PER,Junín,,14708,1604957373,,,,
Lamas,Lamas,-6.4167,-76.5333,Peru,PE,PER,San Martín,,13693,1604035883,,,,
Motupe,Motupe,-6.1508,-79.7208,Peru,PE,PER,Lambayeque,,13681,1604380129,,,,
Cajabamba,Cajabamba,-7.6237,-78.046,Peru,PE,PER,Cajamarca,,13486,1604780784,,,,
Chilca,Chilca,-12.5196,-76.74,Peru,PE,PER,Lima,,12884,1604361895,,,,
Oxapampa,Oxapampa,-10.58,-75.4,Peru,PE,PER,Pasco,,12826,1604643521,,,,
Santiago,Santiago,-14.1896,-75.74,Peru,PE,PER,Ica,,10449,1604889626,,,,
Salaverry,Salaverry,-8.22,-78.99,Peru,PE,PER,La Libertad,,10066,1604741233,,,,
Satipo,Satipo,-11.2522,-74.6386,Peru,PE,PER,Junín,,10052,1604355080,,,,
Yungay,Yungay,-9.1389,-77.7444,Peru,PE,PER,Ancash,,8000,1604138857,,,,
Coracora,Coracora,-15.017,-73.7804,Peru,PE,PER,Ayacucho,,7420,1604800656,,,,
Desaguadero,Desaguadero,-16.5684,-69.0421,Peru,PE,PER,Puno,,5329,1604523021,,,,
Caballococha,Caballococha,-3.9058,-70.5164,Peru,PE,PER,Loreto,,3195,1604340559,,,,
Urubamba,Urubamba,-13.3042,-72.1167,Peru,PE,PER,Cusco,,2700,1604753575,,,,
Nauta,Nauta,-4.5083,-73.5833,Peru,PE,PER,Loreto,,2500,1604159322,,,,
Olmos,Olmos,-5.9796,-79.75,Peru,PE,PER,Lambayeque,,9800,1604825576,,,,
Putina,Putina,-15.47,-69.43,Peru,PE,PER,Puno,,8118,1604856559,,,,
Tournavista,Tournavista,-8.9322,-74.7052,Peru,PE,PER,Huánuco,,511,1604006133,,,,
Güeppí,Gueppi,-0.1166,-75.23,Peru,PE,PER,Loreto,,10,1604411859,,,,
Rocafuerte,Rocafuerte,-0.9329,-75.4,Peru,PE,PER,Loreto,,40,1604951110,,,,
Andoas,Andoas,-2.9021,-76.4025,Peru,PE,PER,Loreto,,10,1604038416,,,,
Puca Urco,Puca Urco,-2.3328,-71.9167,Peru,PE,PER,Loreto,,10,1604085670,,,,
Soldado Bartra,Soldado Bartra,-2.5161,-75.7666,Peru,PE,PER,Loreto,,10,1604302193,,,,
Bogotá,Bogota,4.6126,-74.0705,Colombia,CO,COL,Bogotá,primary,9464000,1170483426,,,,
Medellín,Medellin,6.2447,-75.5748,Colombia,CO,COL,Antioquia,admin,2529403,1170680389,,,,
Cali,Cali,3.44,-76.5197,Colombia,CO,COL,Valle del Cauca,admin,2471474,1170417589,,,,
Barranquilla,Barranquilla,10.9639,-74.7964,Colombia,CO,COL,Atlántico,admin,1274250,1170179113,,,,
Cartagena,Cartagena,10.4236,-75.5253,Colombia,CO,COL,Bolívar,admin,1036412,1170886102,,,,
Soacha,Soacha,4.5781,-74.2144,Colombia,CO,COL,Cundinamarca,minor,995268,1170512000,,,,
Palermo,Palermo,2.8883,-75.4339,Colombia,CO,COL,Huila,minor,800000,1170614290,,,,
Cúcuta,Cucuta,7.9075,-72.5047,Colombia,CO,COL,Norte de Santander,admin,750000,1170743755,,,,
Soledad,Soledad,10.92,-74.77,Colombia,CO,COL,Atlántico,minor,698852,1170765625,,,,
Pereira,Pereira,4.8143,-75.6946,Colombia,CO,COL,Risaralda,admin,590554,1170386718,,,,
Bucaramanga,Bucaramanga,7.1186,-73.1161,Colombia,CO,COL,Santander,admin,581130,1170940590,,,,
Valledupar,Valledupar,10.4603,-73.2597,Colombia,CO,COL,Cesar,admin,544134,1170481949,,,,
Ibagué,Ibague,4.4378,-75.2006,Colombia,CO,COL,Tolima,admin,541101,1170245063,,,,
Villavicencio,Villavicencio,4.1425,-73.6294,Colombia,CO,COL,Meta,admin,527668,1170426927,,,,
Santa Marta,Santa Marta,11.2361,-74.2017,Colombia,CO,COL,Magdalena,admin,515556,1170715594,,,,
Montería,Monteria,8.76,-75.8856,Colombia,CO,COL,Córdoba,admin,505334,1170855299,,,,
Manizales,Manizales,5.0661,-75.4847,Colombia,CO,COL,Caldas,admin,434403,1170930654,,,,
Buenaventura,Buenaventura,3.8772,-77.0267,Colombia,CO,COL,Valle del Cauca,minor,423927,1170287988,,,,
Pasto,Pasto,1.2136,-77.2811,Colombia,CO,COL,Nariño,admin,382236,1170320545,,,,
Bello,Bello,6.3319,-75.5581,Colombia,CO,COL,Antioquia,minor,371591,1170423489,,,,
Neiva,Neiva,2.9275,-75.2875,Colombia,CO,COL,Huila,admin,353033,1170159963,,,,
Armenia,Armenia,4.5389,-75.6725,Colombia,CO,COL,Quindío,admin,301226,1170398459,,,,
Popayán,Popayan,2.4411,-76.6061,Colombia,CO,COL,Cauca,admin,300837,1170764265,,,,
Sincelejo,Sincelejo,9.2994,-75.3958,Colombia,CO,COL,Sucre,admin,286716,1170364198,,,,
Floridablanca,Floridablanca,7.0697,-73.0978,Colombia,CO,COL,Santander,minor,267170,1170331200,,,,
Itagüí,Itagui,6.1726,-75.6096,Colombia,CO,COL,Antioquia,minor,235016,1170708072,,,,
Envigado,Envigado,6.1719,-75.5803,Colombia,CO,COL,Antioquia,minor,228848,1170785909,,,,
Tuluá,Tulua,4.0847,-76.1986,Colombia,CO,COL,Valle del Cauca,minor,219138,1170721938,,,,
Tumaco,Tumaco,1.8067,-78.7647,Colombia,CO,COL,Nariño,minor,212692,1170504978,,,,
Tunja,Tunja,5.5403,-73.3614,Colombia,CO,COL,Boyacá,admin,209263,1170843027,,,,
Barrancabermeja,Barrancabermeja,7.0675,-73.8472,Colombia,CO,COL,Santander,minor,210729,1170362340,,,,
Zipaquirá,Zipaquira,5.0247,-74.0014,Colombia,CO,COL,Cundinamarca,minor,196409,1170798590,,,,
Dosquebradas,Dosquebradas,4.8361,-75.6761,Colombia,CO,COL,Risaralda,minor,179301,1170184135,,,,
Turbo,Turbo,8.0931,-76.7283,Colombia,CO,COL,Antioquia,minor,181000,1170426476,,,,
Yopal,Yopal,5.3306,-72.3906,Colombia,CO,COL,Casanare,admin,179355,1170295059,,,,
Ríohacha,Riohacha,11.5442,-72.9069,Colombia,CO,COL,La Guajira,admin,167865,1170903069,,,,
Girón,Giron,7.0731,-73.1681,Colombia,CO,COL,Santander,minor,160403,1170575968,,,,
Florencia,Florencia,1.6142,-75.6117,Colombia,CO,COL,Caquetá,admin,143871,1170606634,,,,
Fusagasugá,Fusagasuga,4.3372,-74.3644,Colombia,CO,COL,Cundinamarca,minor,139805,1170322047,,,,
Cartago,Cartago,4.75,-75.91,Colombia,CO,COL,Valle del Cauca,minor,134827,1170225267,,,,
Pitalito,Pitalito,1.8539,-76.0514,Colombia,CO,COL,Huila,minor,133205,1170820158,,,,
Sogamoso,Sogamoso,5.7158,-72.9333,Colombia,CO,COL,Boyacá,minor,131105,1170000109,,,,
Ciénaga,Cienaga,11.0104,-74.25,Colombia,CO,COL,Magdalena,minor,131171,1170825751,,,,
Quibdó,Quibdo,5.6923,-76.6582,Colombia,CO,COL,Chocó,admin,130825,1170186734,,,,
Girardot,Girardot,4.3036,-74.8039,Colombia,CO,COL,Cundinamarca,minor,129834,1170838212,,,,
Duitama,Duitama,5.8219,-73.0297,Colombia,CO,COL,Boyacá,minor,126670,1170695532,,,,
Magangué,Magangue,9.2467,-74.7594,Colombia,CO,COL,Bolívar,minor,123906,1170903510,,,,
Maicao,Maicao,11.3778,-72.2414,Colombia,CO,COL,La Guajira,minor,123757,1170370871,,,,
Facatativá,Facatativa,4.8147,-74.3553,Colombia,CO,COL,Cundinamarca,minor,117133,1170830205,,,,
Uribia,Uribia,11.7139,-72.2658,Colombia,CO,COL,La Guajira,minor,117674,1170046204,,,,
Piedecuesta,Piedecuesta,6.9886,-73.0503,Colombia,CO,COL,Santander,minor,117364,1170759043,,,,
Guadalajara de Buga,Guadalajara de Buga,3.9036,-76.2986,Colombia,CO,COL,Valle del Cauca,minor,116893,1170472765,,,,
Madrid,Madrid,4.7306,-74.2639,Colombia,CO,COL,Cundinamarca,minor,112254,1170693388,,,,
Santander de Quilichao,Santander de Quilichao,3.0083,-76.4839,Colombia,CO,COL,Cauca,minor,110535,1170277699,,,,
Aguachica,Aguachica,8.3067,-73.6153,Colombia,CO,COL,Cesar,minor,109621,1170152591,,,,
Ipiales,Ipiales,0.8289,-77.6406,Colombia,CO,COL,Nariño,minor,109116,1170309931,,,,
Arauca,Arauca,7.0903,-70.7617,Colombia,CO,COL,Arauca,admin,96814,1170322340,,,,
San Andrés,San Andres,12.5847,-81.7006,Colombia,CO,COL,San Andrés y Providencia,admin,71946,1170563968,,,,
San José del Guaviare,San Jose del Guaviare,2.5653,-72.6386,Colombia,CO,COL,Guaviare,admin,68878,1170839384,,,,
Sabaneta,Sabaneta,6.1508,-75.615,Colombia,CO,COL,Antioquia,minor,54573,1170000611,,,,
Leticia,Leticia,-4.215,-69.9411,Colombia,CO,COL,Amazonas,admin,32450,1170548641,,,,
Mitú,Mitu,1.2503,-70.235,Colombia,CO,COL,Vaupés,admin,28382,1170846096,,,,
Mocoa,Mocoa,1.1492,-76.6464,Colombia,CO,COL,Putumayo,admin,22035,1170970726,,,,
Inírida,Inirida,3.8708,-67.9211,Colombia,CO,COL,Guainía,admin,19816,1170563591,,,,
Puerto Carreño,Puerto Carreno,6.1889,-67.4858,Colombia,CO,COL,Vichada,admin,16763,1170291142,,,,
Chía,Chia,4.8633,-74.0528,Colombia,CO,COL,Cundinamarca,minor,97896,1170046785,,,,
Jamundí,Jamundi,3.2608,-76.5394,Colombia,CO,COL,Valle del Cauca,minor,96993,1170503987,,,,
Yumbo,Yumbo,3.5778,-76.4944,Colombia,CO,COL,Valle del Cauca,minor,92192,1170917722,,,,
Mosquera,Mosquera,4.7078,-74.2328,Colombia,CO,COL,Cundinamarca,minor,91282,1170751552,,,,
Fundación,Fundacion,10.5172,-74.1922,Colombia,CO,COL,Magdalena,minor,90514,1170906059,,,,
Ocaña,Ocana,8.2461,-73.3553,Colombia,CO,COL,Norte de Santander,minor,90037,1170754105,,,,
Montelíbano,Montelibano,7.9711,-75.4181,Colombia,CO,COL,Córdoba,minor,88674,1170283887,,,,
Chiquinquirá,Chiquinquira,5.6175,-73.8164,Colombia,CO,COL,Boyacá,minor,85274,1170668478,,,,
Sabanalarga,Sabanalarga,10.63,-74.9236,Colombia,CO,COL,Atlántico,minor,84410,1170724527,,,,
Chigorodó,Chigorodo,7.6697,-76.6814,Colombia,CO,COL,Antioquia,minor,84183,1170787746,,,,
Cereté,Cerete,8.8867,-75.7911,Colombia,CO,COL,Córdoba,minor,83917,1170926689,,,,
Funza,Funza,4.7175,-74.2094,Colombia,CO,COL,Cundinamarca,minor,80937,1170562658,,,,
Caldas,Caldas,6.0886,-75.6361,Colombia,CO,COL,Antioquia,minor,81381,1170279867,,,,
Los Patios,Los Patios,7.8342,-72.505,Colombia,CO,COL,Norte de Santander,minor,80235,1170225535,,,,
El Carmen de Bolívar,El Carmen de Bolivar,9.7167,-75.1167,Colombia,CO,COL,Bolívar,minor,78729,1170394868,,,,
Tierralta,Tierralta,8.1728,-76.0594,Colombia,CO,COL,Córdoba,minor,78770,1170909785,,,,
La Dorada,La Dorada,5.4538,-74.6647,Colombia,CO,COL,Caldas,minor,78540,1170734727,,,,
Arjona,Arjona,10.255,-75.3447,Colombia,CO,COL,Bolívar,minor,78070,1170602407,,,,
Turbaco,Turbaco,10.3319,-75.4142,Colombia,CO,COL,Bolívar,minor,76218,1170194197,,,,
Espinal,Espinal,4.1486,-74.8819,Colombia,CO,COL,Tolima,minor,75828,1170084447,,,,
Acacías,Acacias,3.9889,-73.7647,Colombia,CO,COL,Meta,minor,75252,1170420071,,,,
Copacabana,Copacabana,6.3486,-75.5103,Colombia,CO,COL,Antioquia,minor,73574,1170002661,,,,
Santa Rosa de Cabal,Santa Rosa de Cabal,4.8672,-75.6211,Colombia,CO,COL,Risaralda,minor,73028,1170419801,,,,
San Vicente del Caguán,San Vicente del Caguan,2.1153,-74.77,Colombia,CO,COL,Caquetá,minor,72949,1170922792,,,,
Corozal,Corozal,9.3169,-75.2933,Colombia,CO,COL,Sucre,minor,70853,1170958484,,,,
Villa del Rosario,Villa del Rosario,7.8353,-72.4736,Colombia,CO,COL,Norte de Santander,minor,69833,1170700232,,,,
Garzón,Garzon,2.1961,-75.6292,Colombia,CO,COL,Huila,minor,69823,1170149755,,,,
Planeta Rica,Planeta Rica,8.4089,-75.5819,Colombia,CO,COL,Córdoba,minor,69285,1170924519,,,,
Necoclí,Necocli,8.4258,-76.7839,Colombia,CO,COL,Antioquia,minor,69090,1170745269,,,,
Manaure,Manaure,11.775,-72.4444,Colombia,CO,COL,La Guajira,minor,67584,1170534927,,,,
Marinilla,Marinilla,6.1744,-75.3389,Colombia,CO,COL,Antioquia,minor,64645,1170499821,,,,
Ciénaga de Oro,Cienaga de Oro,8.875,-75.6211,Colombia,CO,COL,Córdoba,minor,64226,1170711004,,,,
Puerto Asís,Puerto Asis,0.5006,-76.4989,Colombia,CO,COL,Putumayo,minor,63067,1170627964,,,,
Cajicá,Cajica,4.9167,-74.025,Colombia,CO,COL,Cundinamarca,minor,61549,1170852541,,,,
Riosucio,Riosucio,5.4208,-75.7028,Colombia,CO,COL,Caldas,minor,62296,1170642933,,,,
Plato,Plato,9.7925,-74.7825,Colombia,CO,COL,Magdalena,minor,61856,1170202938,,,,
Carepa,Carepa,7.7581,-76.6553,Colombia,CO,COL,Antioquia,minor,61641,1170091679,,,,
Villamaría,Villamaria,5.0456,-75.5153,Colombia,CO,COL,Caldas,minor,60729,1170294681,,,,
San Marcos,San Marcos,8.6622,-75.1289,Colombia,CO,COL,Sucre,minor,59976,1170680965,,,,
Girardota,Girardota,6.3769,-75.4461,Colombia,CO,COL,Antioquia,minor,59319,1170812272,,,,
Pamplona,Pamplona,7.3761,-72.6483,Colombia,CO,COL,Norte de Santander,minor,58975,1170275020,,,,
Florida,Florida,3.3217,-76.2347,Colombia,CO,COL,Valle del Cauca,minor,58988,1170190923,,,,
Pradera,Pradera,3.4189,-76.2439,Colombia,CO,COL,Valle del Cauca,minor,57990,1170774780,,,,
Orito,Orito,0.6661,-76.8708,Colombia,CO,COL,Putumayo,minor,57774,1170380074,,,,
Puerto Boyacá,Puerto Boyaca,5.9761,-74.5875,Colombia,CO,COL,Boyacá,minor,56930,1170291040,,,,
El Banco,El Banco,9.0008,-73.9744,Colombia,CO,COL,Magdalena,minor,55530,1170111607,,,,
San Gil,San Gil,6.555,-73.1336,Colombia,CO,COL,Santander,minor,54687,1170310004,,,,
Valle del Guamuez,Valle del Guamuez,0.4253,-76.9053,Colombia,CO,COL,Putumayo,,54237,1170672638,,,,
Puerto Libertador,Puerto Libertador,7.8881,-75.6717,Colombia,CO,COL,Córdoba,minor,53990,1170000625,,,,
Barbosa,Barbosa,6.4375,-75.3306,Colombia,CO,COL,Antioquia,minor,53167,1170859178,,,,
Tame,Tame,6.4583,-71.7447,Colombia,CO,COL,Arauca,minor,53266,1170459811,,,,
Lorica,Lorica,9.2419,-75.816,Colombia,CO,COL,Córdoba,minor,52771,1170094504,,,,
San Onofre,San Onofre,9.7372,-75.5256,Colombia,CO,COL,Sucre,minor,51991,1170481491,,,,
Guarne,Guarne,6.2792,-75.4419,Colombia,CO,COL,Antioquia,minor,51265,1170977229,,,,
El Bagre,El Bagre,7.6047,-74.8086,Colombia,CO,COL,Antioquia,minor,50863,1170419984,,,,
Baranoa,Baranoa,10.7956,-74.9194,Colombia,CO,COL,Atlántico,minor,50261,1170983977,,,,
Chinú,Chinu,9.1097,-75.3981,Colombia,CO,COL,Córdoba,minor,50313,1170780523,,,,
Puerto Berrío,Puerto Berrio,6.4906,-74.4047,Colombia,CO,COL,Antioquia,minor,50232,1170372171,,,,
Cimitarra,Cimitarra,6.3133,-73.95,Colombia,CO,COL,Santander,minor,49593,1170205431,,,,
María la Baja,Maria la Baja,9.9811,-75.2986,Colombia,CO,COL,Bolívar,minor,49462,1170699582,,,,
Samaniego,Samaniego,1.3364,-77.5925,Colombia,CO,COL,Nariño,minor,49178,1170018906,,,,
Agustín Codazzi,Agustin Codazzi,10.0367,-73.2369,Colombia,CO,COL,Cesar,minor,49233,1170077466,,,,
Carmen de Viboral,Carmen de Viboral,6.0819,-75.3342,Colombia,CO,COL,Antioquia,minor,49076,1170768757,,,,
Yarumal,Yarumal,6.9633,-75.4172,Colombia,CO,COL,Antioquia,minor,48556,1170371045,,,,
La Vega,La Vega,2.0008,-76.7778,Colombia,CO,COL,Cauca,minor,47417,1170000228,,,,
San Andrés de Sotavento,San Andres de Sotavento,9.1453,-75.5086,Colombia,CO,COL,Córdoba,minor,47282,1170392574,,,,
Chaparral,Chaparral,3.7236,-75.4847,Colombia,CO,COL,Tolima,minor,47397,1170193964,,,,
Andes,Andes,5.6556,-75.8803,Colombia,CO,COL,Antioquia,minor,47384,1170727383,,,,
Ayapel,Ayapel,8.3125,-75.145,Colombia,CO,COL,Córdoba,minor,47247,1170146577,,,,
Zarzal,Zarzal,4.3942,-76.0703,Colombia,CO,COL,Valle del Cauca,minor,47062,1170495189,,,,
Urrao,Urrao,6.3156,-76.1342,Colombia,CO,COL,Antioquia,minor,47128,1170571210,,,,
Roldanillo,Roldanillo,4.4136,-76.1547,Colombia,CO,COL,Valle del Cauca,minor,46788,1170267836,,,,
Valencia,Valencia,8.2592,-76.1469,Colombia,CO,COL,Córdoba,minor,46897,1170188761,,,,
Puerto Tejada,Puerto Tejada,3.23,-76.4175,Colombia,CO,COL,Cauca,minor,46166,1170475909,,,,
Santa Rosa del Sur,Santa Rosa del Sur,7.9633,-74.0533,Colombia,CO,COL,Bolívar,minor,46017,1170579856,,,,
San Pelayo,San Pelayo,8.9578,-75.8375,Colombia,CO,COL,Córdoba,minor,45396,1170248105,,,,
Arboletes,Arboletes,8.8511,-76.4272,Colombia,CO,COL,Antioquia,minor,44560,1170052299,,,,
Villeta,Villeta,5.0128,-74.4731,Colombia,CO,COL,Cundinamarca,minor,43574,1170441862,,,,
Aguazul,Aguazul,5.1689,-72.5467,Colombia,CO,COL,Casanare,minor,43183,1170359050,,,,
Cumaribo,Cumaribo,4.4461,-69.7956,Colombia,CO,COL,Vichada,minor,43138,1170966663,,,,
Miranda,Miranda,3.2503,-76.2286,Colombia,CO,COL,Cauca,minor,42639,1170512860,,,,
El Charco,El Charco,2.4775,-78.1111,Colombia,CO,COL,Nariño,minor,42525,1170354433,,,,
Montenegro,Montenegro,4.5653,-75.7511,Colombia,CO,COL,Quindío,minor,41857,1170267706,,,,
Cáceres,Caceres,7.5794,-75.3503,Colombia,CO,COL,Antioquia,minor,42112,1170859204,,,,
Pueblo Nuevo,Pueblo Nuevo,8.505,-75.5075,Colombia,CO,COL,Córdoba,minor,41684,1170000348,,,,
Tuchín,Tuchin,9.1858,-75.5553,Colombia,CO,COL,Córdoba,minor,41345,1170331155,,,,
Arauquita,Arauquita,7.0261,-71.4272,Colombia,CO,COL,Arauca,minor,41309,1170159021,,,,
Guaduas,Guaduas,5.0694,-74.5981,Colombia,CO,COL,Cundinamarca,minor,41142,1170513211,,,,
Pie de Pató,Pie de Pato,5.5153,-76.9747,Colombia,CO,COL,Chocó,minor,40733,1170030072,,,,
La Unión,La Union,4.5331,-76.1006,Colombia,CO,COL,Valle del Cauca,minor,40339,1170145484,,,,
Cumbal,Cumbal,0.9078,-77.7908,Colombia,CO,COL,Nariño,minor,40492,1170478415,,,,
Aracataca,Aracataca,10.5911,-74.185,Colombia,CO,COL,Magdalena,minor,40400,1170335661,,,,
Túquerres,Tuquerres,1.0872,-77.6189,Colombia,CO,COL,Nariño,minor,40159,1170724789,,,,
Villa de San Diego de Ubaté,Villa de San Diego de Ubate,5.3072,-73.8144,Colombia,CO,COL,Cundinamarca,minor,39568,1170489797,,,,
Acevedo,Acevedo,1.8047,-75.8897,Colombia,CO,COL,Huila,minor,39877,1170946838,,,,
Líbano,Libano,4.9206,-75.0611,Colombia,CO,COL,Tolima,minor,39665,1170994564,,,,
Bosconia,Bosconia,9.9761,-73.8903,Colombia,CO,COL,Cesar,minor,39716,1170142290,,,,
San Juan del Cesar,San Juan del Cesar,10.7708,-73.0031,Colombia,CO,COL,La Guajira,minor,39472,1170398526,,,,
Tarazá,Taraza,7.5839,-75.4003,Colombia,CO,COL,Antioquia,minor,39257,1170830485,,,,
Cajibío,Cajibio,2.6233,-76.5731,Colombia,CO,COL,Cauca,minor,38703,1170570874,,,,
Sibaté,Sibate,4.4908,-74.2594,Colombia,CO,COL,Cundinamarca,minor,38412,1170223176,,,,
Segovia,Segovia,7.0781,-74.7017,Colombia,CO,COL,Antioquia,minor,38661,1170027654,,,,
Sampués,Sampues,9.1847,-75.3786,Colombia,CO,COL,Sucre,minor,37925,1170198440,,,,
Dibulla,Dibulla,11.2725,-73.3089,Colombia,CO,COL,La Guajira,minor,37854,1170252076,,,,
El Bordo,El Bordo,2.1142,-76.9831,Colombia,CO,COL,Cauca,minor,37504,1170827287,,,,
Santa Rosa de Osos,Santa Rosa de Osos,6.6472,-75.4606,Colombia,CO,COL,Antioquia,minor,37435,1170188464,,,,
Melgar,Melgar,4.2039,-74.6428,Colombia,CO,COL,Tolima,minor,37224,1170387585,,,,
Tibú,Tibu,8.64,-72.7381,Colombia,CO,COL,Norte de Santander,minor,37286,1170518089,,,,
Dagua,Dagua,3.6575,-76.6917,Colombia,CO,COL,Valle del Cauca,minor,36891,1170326563,,,,
La Macarena,La Macarena,2.1828,-73.7847,Colombia,CO,COL,Meta,minor,36781,1170049072,,,,
Belalcázar,Belalcazar,2.6469,-75.9717,Colombia,CO,COL,Cauca,minor,36628,1170676223,,,,
Sonsón,Sonson,5.7094,-75.3106,Colombia,CO,COL,Antioquia,minor,36445,1170000118,,,,
San Pablo,San Pablo,7.4764,-73.9231,Colombia,CO,COL,Bolívar,minor,36341,1170480324,,,,
San Bernardo del Viento,San Bernardo del Viento,9.355,-75.9544,Colombia,CO,COL,Córdoba,minor,36200,1170684147,,,,
Guacarí,Guacari,3.7647,-76.3322,Colombia,CO,COL,Valle del Cauca,minor,35662,1170383272,,,,
Santiago de Tolú,Santiago de Tolu,9.525,-75.5817,Colombia,CO,COL,Sucre,minor,35670,1170666994,,,,
Timbío,Timbio,2.3528,-76.6819,Colombia,CO,COL,Cauca,minor,35564,1170815311,,,,
Tocancipá,Tocancipa,4.9661,-73.9111,Colombia,CO,COL,Cundinamarca,minor,35439,1170000496,,,,
Gigante,Gigante,2.3867,-75.5461,Colombia,CO,COL,Huila,minor,35498,1170264129,,,,
Quimbaya,Quimbaya,4.6239,-75.7631,Colombia,CO,COL,Quindío,minor,35276,1170735319,,,,
Cartagena del Chairá,Cartagena del Chaira,1.3361,-74.8467,Colombia,CO,COL,Caquetá,minor,35473,1170248005,,,,
Yarumal,Yarumal,7.0306,-75.5905,Colombia,CO,COL,Antioquia,,35315,1170196021,,,,
Fonseca,Fonseca,10.8858,-72.8481,Colombia,CO,COL,La Guajira,minor,35205,1170493430,,,,
Sabanagrande,Sabanagrande,10.7903,-74.7556,Colombia,CO,COL,Atlántico,minor,34369,1170578455,,,,
San Vicente de Chucurí,San Vicente de Chucuri,6.8819,-73.4119,Colombia,CO,COL,Santander,minor,35121,1170349085,,,,
San Luis de Sincé,San Luis de Since,9.2447,-75.1458,Colombia,CO,COL,Sucre,minor,35022,1170323001,,,,
Puerto López,Puerto Lopez,4.0897,-72.9619,Colombia,CO,COL,Meta,minor,35097,1170290556,,,,
Campoalegre,Campoalegre,2.6867,-75.3256,Colombia,CO,COL,Huila,minor,34923,1170655224,,,,
Caldono,Caldono,2.7969,-76.4828,Colombia,CO,COL,Cauca,minor,34132,1170589443,,,,
Quinchía,Quinchia,5.3394,-75.7294,Colombia,CO,COL,Risaralda,minor,34005,1170201227,,,,
San Agustín,San Agustin,1.8792,-76.2683,Colombia,CO,COL,Huila,minor,34120,1170663571,,,,
San Juan Nepomuceno,San Juan Nepomuceno,9.9522,-75.0811,Colombia,CO,COL,Bolívar,minor,34012,1170645816,,,,
Majagual,Majagual,8.5408,-74.6297,Colombia,CO,COL,Sucre,minor,34010,1170046110,,,,
Puerto Rico,Puerto Rico,1.9075,-75.1583,city,city_ascii,lat,lng,country,iso2,iso3,admin_name,capital,population,id
San Antero,San Antero,9.3775,-75.7603,Colombia,CO,COL,Córdoba,minor,33662,1170032632,,,,
Corinto,Corinto,3.1739,-76.2594,Colombia,CO,COL,Cauca,minor,33489,1170948905,,,,
La Virginia,La Virginia,4.8967,-75.8839,Colombia,CO,COL,Risaralda,minor,32330,1170879762,,,,
Pivijay,Pivijay,10.4608,-74.6153,Colombia,CO,COL,Magdalena,minor,33225,1170978231,,,,
Puebloviejo,Puebloviejo,10.9942,-74.2833,Colombia,CO,COL,Magdalena,minor,33030,1170245441,,,,
Puerto Escondido,Puerto Escondido,9.0192,-76.2614,Colombia,CO,COL,Córdoba,minor,32745,1170484515,,,,
Bocas de Satinga,Bocas de Satinga,2.3469,-78.3256,Colombia,CO,COL,Nariño,minor,32759,1170318285,,,,
Silvia,Silvia,2.6108,-76.3789,Colombia,CO,COL,Cauca,minor,32692,1170405315,,,,
El Difícil,El Dificil,9.8469,-74.2367,Colombia,CO,COL,Magdalena,minor,32637,1170207587,,,,
Inzá,Inza,2.5503,-76.0636,Colombia,CO,COL,Cauca,minor,32582,1170048803,,,,
San Pedro de Urabá,San Pedro de Uraba,8.275,-76.3769,Colombia,CO,COL,Antioquia,minor,32328,1170185600,,,,
Remedios,Remedios,7.0275,-74.6939,Colombia,CO,COL,Antioquia,minor,32057,1170639594,,,,
Paipa,Paipa,5.78,-73.1175,Colombia,CO,COL,Boyacá,minor,31868,1170592144,,,,
Guachavés,Guachaves,1.2219,-77.6772,Colombia,CO,COL,Nariño,minor,31856,1170755614,,,,
Sitionuevo,Sitionuevo,10.7758,-74.7203,Colombia,CO,COL,Magdalena,minor,31706,1170226891,,,,
Puerto Wilches,Puerto Wilches,7.3483,-73.8983,Colombia,CO,COL,Santander,minor,31509,1170389077,,,,
Neira,Neira,5.1664,-75.5189,Colombia,CO,COL,Caldas,minor,31399,1170186315,,,,
Guamo,Guamo,4.0281,-74.97,Colombia,CO,COL,Tolima,minor,31350,1170113847,,,,
Circasia,Circasia,4.6192,-75.6347,Colombia,CO,COL,Quindío,minor,30914,1170367133,,,,
Amagá,Amaga,6.0383,-75.7028,Colombia,CO,COL,Antioquia,minor,30376,1170092259,,,,
Chimichagua,Chimichagua,9.2578,-73.8133,Colombia,CO,COL,Cesar,minor,30303,1170174620,,,,
Planadas,Planadas,3.1964,-75.6444,Colombia,CO,COL,Tolima,minor,30117,1170444880,,,,
Tabio,Tabio,4.9158,-74.0983,Colombia,CO,COL,Cundinamarca,minor,29731,1170060372,,,,
Barbosa,Barbosa,5.9331,-73.6147,Colombia,CO,COL,Santander,minor,29581,1170376059,,,,
Fresno,Fresno,5.1536,-75.0369,Colombia,CO,COL,Tolima,minor,29794,1170216002,,,,
Purificación,Purificacion,3.8567,-74.9325,Colombia,CO,COL,Tolima,minor,29777,1170787107,,,,
Flandes,Flandes,4.2844,-74.8142,Colombia,CO,COL,Tolima,minor,29478,1170495426,,,,
Sopó,Sopo,4.9081,-73.9403,Colombia,CO,COL,Cundinamarca,minor,29120,1170179207,,,,
Moñitos,Monitos,9.2461,-76.1286,Colombia,CO,COL,Córdoba,minor,29117,1170797471,,,,
Aipe,Aipe,3.2219,-75.2375,Colombia,CO,COL,Huila,minor,29177,1170334427,,,,
La Dorada,La Dorada,0.3436,-76.9108,Colombia,CO,COL,Putumayo,minor,28982,1170206428,,,,
Riosucio,Riosucio,7.4386,-77.1133,Colombia,CO,COL,Chocó,minor,29036,1170229854,,,,
La Calera,La Calera,4.7197,-73.97,Colombia,CO,COL,Cundinamarca,minor,28908,1170042987,,,,
Caicedonia,Caicedonia,4.3347,-75.8281,Colombia,CO,COL,Valle del Cauca,minor,28825,1170729476,,,,
Hatonuevo,Hatonuevo,11.0672,-72.7631,Colombia,CO,COL,La Guajira,minor,28671,1170166285,,,,
San Carlos,San Carlos,8.7944,-75.6994,Colombia,CO,COL,Córdoba,minor,28597,1170505254,,,,
Isnos,Isnos,1.9289,-76.2158,Colombia,CO,COL,Huila,minor,28530,1170081298,,,,
Coyaima,Coyaima,3.7975,-75.1939,Colombia,CO,COL,Tolima,minor,28443,1170700858,,,,
Luruaco,Luruaco,10.6083,-75.1417,Colombia,CO,COL,Atlántico,minor,28246,1170268775,,,,
Guamal,Guamal,9.1442,-74.2236,Colombia,CO,COL,Magdalena,minor,28277,1170423757,,,,
Belén de Umbría,Belen de Umbria,5.2006,-75.8689,Colombia,CO,COL,Risaralda,minor,27727,1170015614,,,,
Supía,Supia,5.4506,-75.6514,Colombia,CO,COL,Caldas,minor,27489,1170656633,,,,
Argelia,Argelia,2.2558,-77.2492,Colombia,CO,COL,Cauca,minor,27670,1170028016,,,,
Ciudad Bolívar,Ciudad Bolivar,5.8494,-76.0203,Colombia,CO,COL,Antioquia,minor,27458,1170990931,,,,
Repelón,Repelon,10.4944,-75.1242,Colombia,CO,COL,Atlántico,minor,27445,1170326698,,,,
Puerto Colombia,Puerto Colombia,10.9922,-74.9528,Colombia,CO,COL,Atlántico,minor,26932,1170869718,,,,
San Juan de Urabá,San Juan de Uraba,8.7611,-76.5286,Colombia,CO,COL,Antioquia,minor,27149,1170070547,,,,
Fortul,Fortul,6.7931,-71.7714,Colombia,CO,COL,Arauca,minor,26798,1170737836,,,,
Los Córdobas,Los Cordobas,8.8953,-76.3547,Colombia,CO,COL,Córdoba,minor,26705,1170780435,,,,
Morales,Morales,2.7603,-76.6339,Colombia,CO,COL,Cauca,minor,26707,1170455752,,,,
San Benito Abad,San Benito Abad,8.9272,-75.0264,Colombia,CO,COL,Sucre,minor,26595,1170661666,,,,
San Alberto,San Alberto,7.7592,-73.3931,Colombia,CO,COL,Cesar,minor,26551,1170270470,,,,
Balboa,Balboa,2.0406,-77.2164,Colombia,CO,COL,Cauca,minor,26384,1170412260,,,,
Pensilvania,Pensilvania,5.384,-75.1612,Colombia,CO,COL,Caldas,minor,26342,1170749751,,,,
Buesaco,Buesaco,1.3847,-77.1564,Colombia,CO,COL,Nariño,minor,26229,1170721996,,,,
Paz de Ariporo,Paz de Ariporo,5.8811,-71.8917,Colombia,CO,COL,Casanare,minor,26237,1170610185,,,,
Palmar de Varela,Palmar de Varela,10.7389,-74.7547,Colombia,CO,COL,Atlántico,minor,25886,1170543827,,,,
Istmina,Istmina,5.1633,-76.6867,Colombia,CO,COL,Chocó,minor,25981,1170211056,,,,
Santa Ana,Santa Ana,9.3194,-74.5706,Colombia,CO,COL,Magdalena,minor,25938,1170325175,,,,
San Martín,San Martin,3.6969,-73.6986,Colombia,CO,COL,Meta,minor,25902,1170677493,,,,
Nechí,Nechi,8.0958,-74.775,Colombia,CO,COL,Antioquia,minor,25790,1170181619,,,,
Yolombó,Yolombo,6.5978,-75.0122,Colombia,CO,COL,Antioquia,minor,25647,1170796377,,,,
Solano,Solano,0.6983,-75.2539,Colombia,CO,COL,Caquetá,minor,25546,1170616766,,,,
Sandoná,Sandona,1.2847,-77.4711,Colombia,CO,COL,Nariño,minor,25220,1170586561,,,,
Vistahermosa,Vistahermosa,3.1239,-73.7514,Colombia,CO,COL,Meta,minor,25461,1170088623,,,,
San José,San Jose,1.6967,-78.2453,Colombia,CO,COL,Nariño,minor,25433,1170557399,,,,
La Unión,La Union,1.6053,-77.1297,Colombia,CO,COL,Nariño,minor,25270,1170740769,,,,
Chocontá,Choconta,5.1467,-73.6825,Colombia,CO,COL,Cundinamarca,minor,25257,1170690374,,,,
Pinillos,Pinillos,8.915,-74.4619,Colombia,CO,COL,Bolívar,minor,24923,1170148335,,,,
Socorro,Socorro,6.4603,-73.27,Colombia,CO,COL,Santander,minor,24895,1170793746,,,,
Santa Rosa,Santa Rosa,10.4456,-75.3686,Colombia,CO,COL,Bolívar,minor,24694,1170627978,,,,
Villanueva,Villanueva,4.6087,-72.9288,Colombia,CO,COL,Casanare,minor,24740,1170495463,,,,
Tauramena,Tauramena,5.0167,-72.75,Colombia,CO,COL,Casanare,minor,24747,1170457009,,,,
Algeciras,Algeciras,2.5219,-75.3144,Colombia,CO,COL,Huila,minor,24708,1170438880,,,,
Pueblo Bello,Pueblo Bello,10.4164,-73.5867,Colombia,CO,COL,Cesar,minor,24572,1170551166,,,,
Valdivia,Valdivia,7.1636,-75.4392,Colombia,CO,COL,Antioquia,minor,24538,1170000617,,,,
El Retorno,El Retorno,2.3306,-72.6278,Colombia,CO,COL,Guaviare,minor,24562,1170783770,,,,
Puerto Guzmán,Puerto Guzman,0.9636,-76.4086,Colombia,CO,COL,Putumayo,minor,24355,1170853414,,,,
La Montañita,La Montanita,1.4792,-75.4361,Colombia,CO,COL,Caquetá,minor,24323,1170812971,,,,
Donmatías,Donmatias,6.4858,-75.3953,Colombia,CO,COL,Antioquia,minor,24201,1170287770,,,,
Cogua,Cogua,5.0619,-73.9794,Colombia,CO,COL,Cundinamarca,minor,24092,1170991139,,,,
Marsella,Marsella,4.9367,-75.7392,Colombia,CO,COL,Risaralda,minor,24131,1170787775,,,,
Rioblanco,Rioblanco,3.5292,-75.6447,Colombia,CO,COL,Tolima,minor,24139,1170893363,,,,
El Zulia,El Zulia,7.9325,-72.6025,Colombia,CO,COL,Norte de Santander,minor,23921,1170321590,,,,
Honda,Honda,5.2069,-74.7367,Colombia,CO,COL,Tolima,minor,23830,1170848069,,,,
San José,San Jose,1.4739,-77.0808,Colombia,CO,COL,Nariño,minor,23279,1170922261,,,,
Canalete,Canalete,8.79,-76.2411,Colombia,CO,COL,Córdoba,minor,23520,1170068172,,,,
Alcalá,Alcala,4.6736,-75.7825,Colombia,CO,COL,Valle del Cauca,minor,23195,1170054347,,,,
El Paso,El Paso,9.6622,-73.7519,Colombia,CO,COL,Cesar,minor,23534,1170404892,,,,
Teorama,Teorama,8.4353,-73.2864,Colombia,CO,COL,Norte de Santander,minor,23381,1170297865,,,,
Ponedera,Ponedera,10.6419,-74.7531,Colombia,CO,COL,Atlántico,minor,23243,1170527788,,,,
Puerto Concordia,Puerto Concordia,2.6233,-72.7592,Colombia,CO,COL,Meta,minor,23131,1170046908,,,,
Achí,Achi,8.5692,-74.5561,Colombia,CO,COL,Bolívar,minor,23051,1170684229,,,,
Curumaní,Curumani,9.1997,-73.5425,Colombia,CO,COL,Cesar,minor,23018,1170847203,,,,
Dabeiba,Dabeiba,7.0014,-76.2611,Colombia,CO,COL,Antioquia,minor,22954,1170194523,,,,
Guadalupe,Guadalupe,2.025,-75.7564,Colombia,CO,COL,Huila,minor,22867,1170375870,,,,
Ataco,Ataco,3.5897,-75.3822,Colombia,CO,COL,Tolima,minor,22818,1170693038,,,,
Santa Fe de Antioquia,Santa Fe de Antioquia,6.5564,-75.8275,Colombia,CO,COL,Antioquia,minor,22764,1170034183,,,,
Buenavista,Buenavista,8.2233,-75.4817,Colombia,CO,COL,Córdoba,minor,22711,1170230620,,,,
Amalfi,Amalfi,6.9092,-75.0767,Colombia,CO,COL,Antioquia,minor,22714,1170542286,,,,
Manzanares,Manzanares,5.2519,-75.1569,Colombia,CO,COL,Caldas,minor,22623,1170983089,,,,
Sardinata,Sardinata,8.0836,-72.8003,Colombia,CO,COL,Norte de Santander,minor,22583,1170154538,,,,
Mutatá,Mutata,7.2433,-76.4358,Colombia,CO,COL,Antioquia,minor,22505,1170918759,,,,
El Colegio,El Colegio,4.5808,-74.4425,Colombia,CO,COL,Cundinamarca,minor,22247,1170000628,,,,
La Jagua de Ibirico,La Jagua de Ibirico,9.5611,-73.3364,Colombia,CO,COL,Cesar,minor,22405,1170526836,,,,
Natagaima,Natagaima,3.6231,-75.0936,Colombia,CO,COL,Tolima,minor,22320,1170715642,,,,
El Doncello,El Doncello,1.68,-75.285,Colombia,CO,COL,Caquetá,minor,22306,1170237364,,,,
Silvania,Silvania,4.4033,-74.3881,Colombia,CO,COL,Cundinamarca,minor,22020,1170709496,,,,
Pailitas,Pailitas,8.9597,-73.625,Colombia,CO,COL,Cesar,minor,22083,1170355661,,,,
Timbiquí,Timbiqui,2.7719,-77.665,Colombia,CO,COL,Cauca,minor,22077,1170187722,,,,
Tiquisio,Tiquisio,8.5578,-74.2639,Colombia,CO,COL,Bolívar,minor,22041,1170823883,,,,
Taminango,Taminango,1.57,-77.2806,Colombia,CO,COL,Nariño,minor,21985,1170223532,,,,
Ginebra,Ginebra,3.7244,-76.2672,Colombia,CO,COL,Valle del Cauca,minor,21815,1170109956,,,,
Puerto Triunfo,Puerto Triunfo,5.8728,-74.6397,Colombia,CO,COL,Antioquia,minor,21745,1170980494,,,,
San Bernardo,San Bernardo,1.5164,-77.0467,Colombia,CO,COL,Nariño,minor,21492,1170882959,,,,
San Jacinto,San Jacinto,9.8311,-75.1219,Colombia,CO,COL,Bolívar,minor,21644,1170354916,,,,
Nueva Granada,Nueva Granada,9.8011,-74.3917,Colombia,CO,COL,Magdalena,minor,21612,1170955196,,,,
Galeras,Galeras,9.1586,-75.0489,Colombia,CO,COL,Sucre,minor,21548,1170148348,,,,
Santa Bárbara,Santa Barbara,5.8747,-75.5661,Colombia,CO,COL,Antioquia,minor,21413,1170129538,,,,
Villagarzón,Villagarzon,1.0294,-76.6164,Colombia,CO,COL,Putumayo,minor,21507,1170786448,,,,
Moniquirá,Moniquira,5.8744,-73.5717,Colombia,CO,COL,Boyacá,minor,21402,1170206857,,,,
El Paujíl,El Paujil,1.5694,-75.3264,Colombia,CO,COL,Caquetá,minor,21462,1170891728,,,,
Almaguer,Almaguer,1.9131,-76.8561,Colombia,CO,COL,Cauca,minor,21374,1170307475,,,,
Totoró,Totoro,2.5103,-76.4019,Colombia,CO,COL,Cauca,minor,21298,1170684203,,,,
Aguadas,Aguadas,5.6092,-75.4564,Colombia,CO,COL,Caldas,minor,21237,1170536116,,,,
Montecristo,Montecristo,8.2958,-74.4728,Colombia,CO,COL,Bolívar,minor,21229,1170653032,,,,
Suaza,Suaza,1.975,-75.7956,Colombia,CO,COL,Huila,minor,21119,1170853182,,,,
Villapinzón,Villapinzon,5.2158,-73.5967,Colombia,CO,COL,Cundinamarca,minor,21049,1170598594,,,,
Fredonia,Fredonia,5.9267,-75.6739,Colombia,CO,COL,Antioquia,minor,20997,1170731658,,,,
El Retén,El Reten,10.6106,-74.2683,Colombia,CO,COL,Magdalena,minor,20981,1170874464,,,,
Bugalagrande,Bugalagrande,4.2075,-76.1575,Colombia,CO,COL,Valle del Cauca,minor,20970,1170646923,,,,
Samacá,Samaca,5.4919,-73.4867,Colombia,CO,COL,Boyacá,minor,20767,1170064917,,,,
Ovejas,Ovejas,9.5258,-75.2272,Colombia,CO,COL,Sucre,minor,20846,1170231895,,,,
Sotomayor,Sotomayor,1.4933,-77.5214,Colombia,CO,COL,Nariño,minor,20865,1170028050,,,,
López,Lopez,2.8464,-77.2472,Colombia,CO,COL,Cauca,minor,20867,1170853742,,,,
Timaná,Timana,1.9499,-75.9139,Colombia,CO,COL,Huila,minor,20463,1170667913,,,,
San Lorenzo,San Lorenzo,1.5039,-77.2178,Colombia,CO,COL,Nariño,minor,20403,1170168710,,,,
Tenjo,Tenjo,4.8697,-74.1439,Colombia,CO,COL,Cundinamarca,minor,20269,1170657903,,,,
Concordia,Concordia,6.0456,-75.9075,Colombia,CO,COL,Antioquia,minor,20271,1170368496,,,,
Simití,Simiti,7.9564,-73.9461,Colombia,CO,COL,Bolívar,minor,20271,1170040846,,,,
Rovira,Rovira,4.2392,-75.2403,Colombia,CO,COL,Tolima,minor,20255,1170046008,,,,
Polonuevo,Polonuevo,10.7772,-74.8528,Colombia,CO,COL,Atlántico,minor,19454,1170997382,,,,
Urumita,Urumita,10.5603,-73.0136,Colombia,CO,COL,La Guajira,minor,19629,1170312888,,,,
La Unión,La Union,5.9728,-75.3611,Colombia,CO,COL,Antioquia,minor,19119,1170723102,,,,
Tadó,Tado,5.2633,-76.56,Colombia,CO,COL,Chocó,minor,18906,1170279230,,,,
Vélez,Velez,6.0131,-73.6736,Colombia,CO,COL,Santander,minor,18808,1170298824,,,,
Tocaima,Tocaima,4.4578,-74.6347,Colombia,CO,COL,Cundinamarca,minor,18790,1170682674,,,,
Villa de Leyva,Villa de Leyva,5.6331,-73.5256,Colombia,CO,COL,Boyacá,minor,18598,1170607364,,,,
Campo de la Cruz,Campo de la Cruz,10.3778,-74.8814,Colombia,CO,COL,Atlántico,minor,18354,1170737801,,,,
Sabana de Torres,Sabana de Torres,7.3903,-73.5003,Colombia,CO,COL,Santander,minor,17965,1170400571,,,,
Pelaya,Pelaya,8.6892,-73.6653,Colombia,CO,COL,Cesar,minor,17910,1170015000,,,,
Salgar,Salgar,5.9639,-75.9775,Colombia,CO,COL,Antioquia,minor,17804,1170000086,,,,
La Primavera,La Primavera,5.4906,-70.4092,Colombia,CO,COL,Vichada,minor,17626,1170159193,,,,
Guaranda,Guaranda,8.4672,-74.5367,Colombia,CO,COL,Sucre,minor,17422,1170473707,,,,
El Rosal,El Rosal,4.8519,-74.2628,Colombia,CO,COL,Cundinamarca,minor,17254,1170518827,,,,
Suesca,Suesca,5.1017,-73.7981,Colombia,CO,COL,Cundinamarca,minor,17318,1170580731,,,,
Betulia,Betulia,6.1122,-75.9839,Colombia,CO,COL,Antioquia,minor,17317,1170946542,,,,
Retiro,Retiro,6.0597,-75.5039,Colombia,CO,COL,Antioquia,minor,16974,1170702192,,,,
El Piñón,El Pinon,10.4039,-74.8231,Colombia,CO,COL,Magdalena,minor,16752,1170478027,,,,
Anorí,Anori,7.0736,-75.1469,Colombia,CO,COL,Antioquia,minor,16447,1170571922,,,,
Aquitania,Aquitania,5.5194,-72.8836,Colombia,CO,COL,Boyacá,minor,16087,1170697722,,,,
Chivolo,Chivolo,10.0264,-74.6214,Colombia,CO,COL,Magdalena,minor,15960,1170052767,,,,
Guasca,Guasca,4.8658,-73.8772,Colombia,CO,COL,Cundinamarca,minor,15727,1170022740,,,,
Landázuri,Landazuri,6.2181,-73.8114,Colombia,CO,COL,Santander,minor,15395,1170306835,,,,
Támesis,Tamesis,5.6647,-75.7144,Colombia,CO,COL,Antioquia,minor,15218,1170438434,,,,
Obando,Obando,4.5761,-75.9731,Colombia,CO,COL,Valle del Cauca,minor,14980,1170669388,,,,
Condoto,Condoto,5.0917,-76.65,Colombia,CO,COL,Chocó,minor,14660,1170624933,,,,
Sopetrán,Sopetran,6.5017,-75.7433,Colombia,CO,COL,Antioquia,minor,14453,1170000615,,,,
Tenerife,Tenerife,9.8989,-74.8589,Colombia,CO,COL,Magdalena,minor,14320,1170763439,,,,
Juan de Acosta,Juan de Acosta,10.8286,-75.035,Colombia,CO,COL,Atlántico,minor,14184,1170261449,,,,
Titiribí,Titiribi,6.0625,-75.7936,Colombia,CO,COL,Antioquia,minor,14092,1170013003,,,,
Río de Oro,Rio de Oro,8.2917,-73.3872,Colombia,CO,COL,Cesar,minor,14041,1170000449,,,,
El Carmen de Atrato,El Carmen de Atrato,5.8983,-76.1431,Colombia,CO,COL,Chocó,minor,14049,1170000623,,,,
Córdoba,Cordoba,0.8533,-77.5178,Colombia,CO,COL,Nariño,minor,14006,1170192500,,,,
Guapí,Guapi,2.5604,-77.86,Colombia,CO,COL,Cauca,minor,13853,1170811574,,,,
Jardín,Jardin,5.5983,-75.8197,Colombia,CO,COL,Antioquia,minor,13748,1170860427,,,,
Filandia,Filandia,4.6733,-75.6583,Colombia,CO,COL,Quindío,minor,13628,1170471225,,,,
Altos del Rosario,Altos del Rosario,8.7914,-74.1636,Colombia,CO,COL,Bolívar,minor,13669,1170079040,,,,
Manatí,Manati,10.4481,-74.9592,Colombia,CO,COL,Atlántico,minor,13456,1170827497,,,,
San Jacinto del Cauca,San Jacinto del Cauca,8.2497,-74.72,Colombia,CO,COL,Bolívar,minor,13426,1170204575,,,,
Rosas,Rosas,2.26,-76.74,Colombia,CO,COL,Cauca,minor,13302,1170048993,,,,
Anolaima,Anolaima,4.7633,-74.4647,Colombia,CO,COL,Cundinamarca,minor,12911,1170457629,,,,
Los Santos,Los Santos,6.7561,-73.1022,Colombia,CO,COL,Santander,minor,12648,1170390233,,,,
Candelaria,Candelaria,10.4592,-74.8806,Colombia,CO,COL,Atlántico,minor,12576,1170881306,,,,
Santa Bárbara de Pinto,Santa Barbara de Pinto,9.4353,-74.7017,Colombia,CO,COL,Magdalena,minor,12610,1170483777,,,,
Saboyá,Saboya,5.6969,-73.7631,Colombia,CO,COL,Boyacá,minor,12372,1170473369,,,,
Hatillo de Loba,Hatillo de Loba,8.9556,-74.0769,Colombia,CO,COL,Bolívar,minor,12270,1170880028,,,,
Córdoba,Cordoba,9.5,-74.9167,Colombia,CO,COL,Bolívar,minor,12266,1170365164,,,,
Ebéjico,Ebejico,6.3264,-75.7661,Colombia,CO,COL,Antioquia,minor,12158,1170232093,,,,
Santa Lucía,Santa Lucia,10.3247,-74.9589,Colombia,CO,COL,Atlántico,minor,11947,1170763002,,,,
Curití,Curiti,6.6044,-73.0681,Colombia,CO,COL,Santander,minor,12065,1170526729,,,,
Caimito,Caimito,8.7894,-75.1161,Colombia,CO,COL,Sucre,minor,12077,1170914117,,,,
Oiba,Oiba,6.2639,-73.2992,Colombia,CO,COL,Santander,minor,12063,1170706539,,,,
Cisneros,Cisneros,6.5383,-75.0886,Colombia,CO,COL,Antioquia,minor,11555,1170710325,,,,
Puente Nacional,Puente Nacional,5.8772,-73.6786,Colombia,CO,COL,Santander,minor,11718,1170000515,,,,
La Unión,La Union,8.8572,-75.2767,Colombia,CO,COL,Sucre,minor,11566,1170400912,,,,
Guayabal,Guayabal,5.0306,-74.8844,Colombia,CO,COL,Tolima,minor,11490,1170472298,,,,
Coveñas,Covenas,9.4014,-75.68,Colombia,CO,COL,Sucre,minor,11270,1170707919,,,,
Talaigua Nuevo,Talaigua Nuevo,9.3028,-74.5678,Colombia,CO,COL,Bolívar,minor,11350,1170791252,,,,
Bojacá,Bojaca,4.7336,-74.3422,Colombia,CO,COL,Cundinamarca,minor,11254,1170070721,,,,
El Playón,El Playon,7.4703,-73.2033,Colombia,CO,COL,Santander,minor,11252,1170615390,,,,
Agua de Dios,Agua de Dios,4.3781,-74.6683,Colombia,CO,COL,Cundinamarca,minor,10995,1170261758,,,,
El Águila,El Aguila,4.9081,-76.0422,Colombia,CO,COL,Valle del Cauca,minor,11069,1170584025,,,,
El Tarra,El Tarra,8.5756,-73.0944,Colombia,CO,COL,Norte de Santander,minor,10957,1170113123,,,,
Mogotes,Mogotes,6.4764,-72.9703,Colombia,CO,COL,Santander,minor,10860,1170943912,,,,
Santo Domingo,Santo Domingo,6.4708,-75.1658,Colombia,CO,COL,Antioquia,minor,10759,1170000493,,,,
Tubará,Tubara,10.8742,-74.9786,Colombia,CO,COL,Atlántico,minor,10602,1170951499,,,,
Regidor,Regidor,8.6664,-73.8222,Colombia,CO,COL,Bolívar,minor,10489,1170335895,,,,
Lenguazaque,Lenguazaque,5.3069,-73.7117,Colombia,CO,COL,Cundinamarca,minor,10268,1170060796,,,,
Charalá,Charala,6.2875,-73.1467,Colombia,CO,COL,Santander,minor,10211,1170539322,,,,
Medina,Medina,4.5092,-73.3494,Colombia,CO,COL,Cundinamarca,minor,10205,1170855873,,,,
Granada,Granada,6.1442,-75.1853,Colombia,CO,COL,Antioquia,minor,10117,1170246805,,,,
Suaita,Suaita,6.1019,-73.4406,Colombia,CO,COL,Santander,minor,10006,1170125417,,,,
Margarita,Margarita,9.1531,-74.2881,Colombia,CO,COL,Bolívar,minor,9876,1170553154,,,,
Norosí,Norosi,8.5261,-74.0378,Colombia,CO,COL,Bolívar,minor,9850,1170174177,,,,
Chita,Chita,6.1878,-72.4725,Colombia,CO,COL,Boyacá,minor,9542,1170485101,,,,
Granada,Granada,4.5186,-74.3514,Colombia,CO,COL,Cundinamarca,minor,9253,1170616970,,,,
Pesca,Pesca,5.5589,-73.0503,Colombia,CO,COL,Boyacá,minor,9322,1170369834,,,,
Tibaná,Tibana,5.3172,-73.3969,Colombia,CO,COL,Boyacá,minor,9186,1170436338,,,,
San Zenón,San Zenon,9.245,-74.4992,Colombia,CO,COL,Magdalena,minor,9107,1170977298,,,,
Nuquí,Nuqui,5.7069,-77.2703,Colombia,CO,COL,Chocó,minor,8958,1170020146,,,,
Alvarado,Alvarado,4.5672,-74.9533,Colombia,CO,COL,Tolima,minor,8873,1170398878,,,,
Iles,Iles,0.9706,-77.5208,Colombia,CO,COL,Nariño,minor,8701,1170251090,,,,
Zapatoca,Zapatoca,6.815,-73.2683,Colombia,CO,COL,Santander,minor,8762,1170912223,,,,
Junín,Junin,4.7903,-73.6633,Colombia,CO,COL,Cundinamarca,minor,8720,1170184431,,,,
Usiacurí,Usiacuri,10.7428,-74.9758,Colombia,CO,COL,Atlántico,minor,8561,1170893496,,,,
La Belleza,La Belleza,5.8575,-73.9656,Colombia,CO,COL,Santander,minor,8596,1170636722,,,,
Muzo,Muzo,5.5297,-74.1044,Colombia,CO,COL,Boyacá,minor,8548,1170433861,,,,
Guatapé,Guatape,6.2325,-75.1586,Colombia,CO,COL,Antioquia,minor,8363,1170993383,,,,
Orocué,Orocue,4.7897,-71.3392,Colombia,CO,COL,Casanare,minor,8460,1170535682,,,,
Aratoca,Aratoca,6.6956,-73.0175,Colombia,CO,COL,Santander,minor,8269,1170846388,,,,
San Francisco,San Francisco,4.9711,-74.2892,Colombia,CO,COL,Cundinamarca,minor,8304,1170500747,,,,
Uramita,Uramita,6.8986,-76.1736,Colombia,CO,COL,Antioquia,minor,8253,1170532672,,,,
Motavita,Motavita,5.5772,-73.3672,Colombia,CO,COL,Boyacá,minor,8067,1170786001,,,,
Uribe,Uribe,3.2408,-74.3536,Colombia,CO,COL,Meta,minor,8180,1170074185,,,,
Pedraza,Pedraza,10.1886,-74.9156,Colombia,CO,COL,Magdalena,minor,8066,1170482602,,,,
Puerto Parra,Puerto Parra,6.6514,-74.0569,Colombia,CO,COL,Santander,minor,8011,1170611035,,,,
San Luis de Palenque,San Luis de Palenque,5.4222,-71.7314,Colombia,CO,COL,Casanare,minor,7951,1170436467,,,,
Paratebueno,Paratebueno,4.3753,-73.2131,Colombia,CO,COL,Cundinamarca,minor,7835,1170224767,,,,
Santana,Santana,6.0572,-73.4811,Colombia,CO,COL,Boyacá,minor,7692,1170674281,,,,
Coromoro,Coromoro,6.295,-73.0406,Colombia,CO,COL,Santander,minor,7659,1170673407,,,,
Tarso,Tarso,5.865,-75.8225,Colombia,CO,COL,Antioquia,minor,7542,1170488942,,,,
Ambalema,Ambalema,4.7817,-74.7639,Colombia,CO,COL,Tolima,minor,7563,1170715665,,,,
Maripí,Maripi,5.5489,-74.0067,Colombia,CO,COL,Boyacá,minor,7480,1170052035,,,,
Simacota,Simacota,6.4431,-73.3375,Colombia,CO,COL,Santander,minor,7393,1170683457,,,,
Soatá,Soata,6.3328,-72.6839,Colombia,CO,COL,Boyacá,minor,7255,1170030102,,,,
Tona,Tona,7.2019,-72.9664,Colombia,CO,COL,Santander,minor,7239,1170034589,,,,
Socha,Socha,5.9978,-72.6922,Colombia,CO,COL,Boyacá,minor,7140,1170000621,,,,
Boavita,Boavita,6.3308,-72.5842,Colombia,CO,COL,Boyacá,minor,7079,1170185959,,,,
Salento,Salento,4.6372,-75.5708,Colombia,CO,COL,Quindío,minor,7103,1170606777,,,,
Guatavita,Guatavita,4.9344,-73.8344,Colombia,CO,COL,Cundinamarca,minor,6963,1170939304,,,,
Güicán,Guican,6.4625,-72.4119,Colombia,CO,COL,Boyacá,minor,6909,1170896802,,,,
Puerto Nariño,Puerto Narino,-3.7703,-70.3831,Colombia,CO,COL,Amazonas,minor,6816,1170109460,,,,
Cubará,Cubara,7.0008,-72.1081,Colombia,CO,COL,Boyacá,minor,6725,1170293531,,,,
Tasco,Tasco,5.9092,-72.7814,Colombia,CO,COL,Boyacá,minor,6361,1170087471,,,,
Florián,Florian,5.8028,-73.9714,Colombia,CO,COL,Santander,minor,6268,1170591204,,,,
Heliconia,Heliconia,6.2106,-75.73,Colombia,CO,COL,Antioquia,minor,6138,1170492341,,,,
Albán,Alban,4.8783,-74.4383,Colombia,CO,COL,Cundinamarca,minor,5956,1170591987,,,,
Colosó,Coloso,9.4942,-75.3525,Colombia,CO,COL,Sucre,minor,6013,1170394996,,,,
Sutamarchán,Sutamarchan,5.6206,-73.6214,Colombia,CO,COL,Boyacá,minor,5916,1170002921,,,,
Chitaraque,Chitaraque,6.0283,-73.4469,Colombia,CO,COL,Boyacá,minor,5687,1170000622,,,,
Zipacón,Zipacon,4.76,-74.3797,Colombia,CO,COL,Cundinamarca,minor,5570,1170448655,,,,
Villanueva,Villanueva,6.6719,-73.1747,Colombia,CO,COL,Santander,minor,5443,1170278437,,,,
Chíquiza,Chiquiza,5.61,-73.4889,Colombia,CO,COL,Boyacá,minor,5484,1170941508,,,,
Caramanta,Caramanta,5.5467,-75.6442,Colombia,CO,COL,Antioquia,minor,5410,1170839333,,,,
Tota,Tota,5.5603,-72.9861,Colombia,CO,COL,Boyacá,minor,5386,1170112526,,,,
Córdoba,Cordoba,4.3911,-75.6878,Colombia,CO,COL,Quindío,minor,5249,1170601831,,,,
San José de Pare,San Jose de Pare,6.0192,-73.5467,Colombia,CO,COL,Boyacá,minor,5221,1170245667,,,,
Arcabuco,Arcabuco,5.7544,-73.4375,Colombia,CO,COL,Boyacá,minor,5240,1170158817,,,,
El Cocuy,El Cocuy,6.4094,-72.4444,Colombia,CO,COL,Boyacá,minor,5241,1170130760,,,,
Labranzagrande,Labranzagrande,5.5633,-72.5775,Colombia,CO,COL,Boyacá,minor,5099,1170007490,,,,
Juradó,Jurado,7.1114,-77.7714,Colombia,CO,COL,Chocó,minor,2351,1170520604,,,,
Guayaquil,Guayaquil,-2.1833,-79.8833,Ecuador,EC,ECU,Guayas,admin,2723665,1218802178,,,,
Quito,Quito,-0.2186,-78.5097,Ecuador,EC,ECU,Pichincha,primary,2011388,1218441993,,,,
Cuenca,Cuenca,-2.8974,-79.0045,Ecuador,EC,ECU,Azuay,admin,329928,1218041020,,,,
Santo Domingo de los Colorados,Santo Domingo de los Colorados,-0.2542,-79.1719,Ecuador,EC,ECU,Santo Domingo de los Tsáchilas,admin,270875,1218148017,,,,
Machala,Machala,-3.2667,-79.9667,Ecuador,EC,ECU,El Oro,admin,231260,1218378191,,,,
Eloy Alfaro,Eloy Alfaro,-2.1733,-79.8311,Ecuador,EC,ECU,Guayas,,230839,1218127217,,,,
Manta,Manta,-0.95,-80.7162,Ecuador,EC,ECU,Manabí,,217553,1218160109,,,,
Portoviejo,Portoviejo,-1.0544,-80.4544,Ecuador,EC,ECU,Manabí,admin,206682,1218169586,,,,
Loja,Loja,-3.9906,-79.205,Ecuador,EC,ECU,Loja,admin,170280,1218739896,,,,
Ambato,Ambato,-1.2417,-78.6197,Ecuador,EC,ECU,Tungurahua,admin,165185,1218046148,,,,
Esmeraldas,Esmeraldas,0.95,-79.6667,Ecuador,EC,ECU,Esmeraldas,admin,154035,1218601363,,,,
Quevedo,Quevedo,-1.0333,-79.45,Ecuador,EC,ECU,Los Ríos,,150827,1218928435,,,,
Riobamba,Riobamba,-1.6743,-78.6483,Ecuador,EC,ECU,Chimborazo,admin,146324,1218552075,,,,
Milagro,Milagro,-2.1347,-79.5872,Ecuador,EC,ECU,Guayas,,133508,1218568564,,,,
Ibarra,Ibarra,0.3628,-78.13,Ecuador,EC,ECU,Imbabura,admin,131856,1218479054,,,,
Babahoyo,Babahoyo,-1.8167,-79.5167,Ecuador,EC,ECU,Los Ríos,admin,90191,1218156392,,,,
Latacunga,Latacunga,-0.9333,-78.6167,Ecuador,EC,ECU,Cotopaxi,admin,63842,1218947988,,,,
Tulcán,Tulcan,0.8117,-77.7186,Ecuador,EC,ECU,Carchi,admin,53558,1218976878,,,,
Nueva Loja,Nueva Loja,0.0844,-76.8911,Ecuador,EC,ECU,Sucumbíos,admin,48562,1218895755,,,,
Puerto Francisco de Orellana,Puerto Francisco de Orellana,-0.4625,-76.9842,Ecuador,EC,ECU,Orellana,admin,40730,1218387446,,,,
Santa Elena,Santa Elena,-2.2267,-80.8583,Ecuador,EC,ECU,Santa Elena,admin,39681,1218296446,,,,
Azogues,Azogues,-2.7333,-78.8333,Ecuador,EC,ECU,Cañar,admin,33848,1218651012,,,,
Puyo,Puyo,-1.483,-77.987,Ecuador,EC,ECU,Pastaza,admin,24881,1218537461,,,,
Guaranda,Guaranda,-1.6056,-79.0031,Ecuador,EC,ECU,Bolívar,admin,23874,1218581593,,,,
Tena,Tena,-0.989,-77.8159,Ecuador,EC,ECU,Napo,admin,23307,1218759537,,,,
Macas,Macas,-2.3,-78.1167,Ecuador,EC,ECU,Morona-Santiago,admin,18984,1218176372,,,,
Puerto Ayora,Puerto Ayora,-0.7444,-90.3139,Ecuador,EC,ECU,Galápagos,,11822,1218585265,,,,
Zamora,Zamora,-4.0692,-78.9567,Ecuador,EC,ECU,Zamora-Chinchipe,admin,12386,1218873167,,,,
Puerto Baquerizo Moreno,Puerto Baquerizo Moreno,-0.9025,-89.6092,Ecuador,EC,ECU,Galápagos,admin,6533,1218093882,,,,
Sangolquí,Sangolqui,-0.3344,-78.4475,Ecuador,EC,ECU,Pichincha,,75080,1218715616,,,,
Pelileo,Pelileo,-1.3306,-78.5428,Ecuador,EC,ECU,Tungurahua,,66836,1218236950,,,,
Daule,Daule,-1.8667,-79.9833,Ecuador,EC,ECU,Guayas,,65145,1218253183,,,,
Pasaje,Pasaje,-3.3269,-79.8049,Ecuador,EC,ECU,El Oro,,52673,1218997966,,,,
Chone,Chone,-0.6833,-80.1,Ecuador,EC,ECU,Manabí,,52810,1218083347,,,,
Santa Rosa,Santa Rosa,-3.4522,-79.9617,Ecuador,EC,ECU,El Oro,,48929,1218626394,,,,
Huaquillas,Huaquillas,-3.4803,-80.2317,Ecuador,EC,ECU,El Oro,,47706,1218443042,,,,
Montecristi,Montecristi,-1.05,-80.6667,Ecuador,EC,ECU,Manabí,,46312,1218883853,,,,
Samborondón,Samborondon,-1.9611,-79.7256,Ecuador,EC,ECU,Guayas,,42637,1218370377,,,,
Jipijapa,Jipijapa,-1.3486,-80.5786,Ecuador,EC,ECU,Manabí,,40232,1218962184,,,,
Otavalo,Otavalo,0.2333,-78.2667,Ecuador,EC,ECU,Imbabura,,39354,1218541444,,,,
Cayambe,Cayambe,0.0439,-78.1561,Ecuador,EC,ECU,Pichincha,,39028,1218475970,,,,
Ventanas,Ventanas,-1.45,-79.47,Ecuador,EC,ECU,Los Ríos,,38168,1218067203,,,,
San Jacinto de Buena Fe,San Jacinto de Buena Fe,-0.8932,-79.4907,Ecuador,EC,ECU,Los Ríos,,38263,1218724130,,,,
Salinas,Salinas,-2.2083,-80.9681,Ecuador,EC,ECU,Guayas,,34719,1218838548,,,,
Velasco Ibarra,Velasco Ibarra,-1.0439,-79.6383,Ecuador,EC,ECU,Guayas,,35686,1218000005,,,,
La Troncal,La Troncal,-2.4278,-79.3389,Ecuador,EC,ECU,Cañar,,35259,1218086252,,,,
Vinces,Vinces,-1.55,-79.7333,Ecuador,EC,ECU,Los Ríos,,30241,1218211679,,,,
La Concordia,La Concordia,0.0069,-79.3958,Ecuador,EC,ECU,Esmeraldas,,29003,1218975936,,,,
Rosa Zarate,Rosa Zarate,0.3272,-79.4689,Ecuador,EC,ECU,Esmeraldas,,28928,1218721040,,,,
Balzar,Balzar,-1.36,-79.9,Ecuador,EC,ECU,Guayas,,28794,1218257587,,,,
Naranjito,Naranjito,-2.1667,-79.4653,Ecuador,EC,ECU,Guayas,,28546,1218386613,,,,
Naranjal,Naranjal,-2.6736,-79.6183,Ecuador,EC,ECU,Guayas,,28487,1218900978,,,,
La Maná,La Mana,-0.9417,-79.2347,Ecuador,EC,ECU,Cotopaxi,,23775,1218200586,,,,
San Lorenzo de Esmeraldas,San Lorenzo de Esmeraldas,1.2864,-78.8353,Ecuador,EC,ECU,Esmeraldas,,23265,1218156660,,,,
Catamayo,Catamayo,-3.9833,-79.35,Ecuador,EC,ECU,Loja,,22697,1218400594,,,,
Atuntaqui,Atuntaqui,0.3325,-78.2136,Ecuador,EC,ECU,Imbabura,,21286,1218840955,,,,
Pedernales,Pedernales,0.0719,-80.0508,Ecuador,EC,ECU,Manabí,,21910,1218670991,,,,
Bahía de Caráquez,Bahia de Caraquez,-0.6,-80.425,Ecuador,EC,ECU,Manabí,,20921,1218764402,,,,
Puerto Quito,Puerto Quito,0.1272,-79.2531,Ecuador,EC,ECU,Pichincha,,20445,1218847413,,,,
Pedro Carbo,Pedro Carbo,-1.8167,-80.2333,Ecuador,EC,ECU,Guayas,,20220,1218092556,,,,
Yaguachi Nuevo,Yaguachi Nuevo,-2.12,-79.69,Ecuador,EC,ECU,Guayas,,17806,1218680506,,,,
Piñas,Pinas,-3.6806,-79.6806,Ecuador,EC,ECU,El Oro,,16981,1218213967,,,,
Valencia,Valencia,-0.9525,-79.3531,Ecuador,EC,ECU,Los Ríos,,16983,1218923469,,,,
San Gabriel,San Gabriel,0.61,-77.84,Ecuador,EC,ECU,Carchi,,16066,1218199820,,,,
Atacames,Atacames,0.8667,-79.8333,Ecuador,EC,ECU,Esmeraldas,,15463,1218813219,,,,
Alausí,Alausi,-2.19,-78.85,Ecuador,EC,ECU,Chimborazo,,14294,1218578121,,,,
Lomas de Sargentillo,Lomas de Sargentillo,-1.8833,-80.0833,Ecuador,EC,ECU,Guayas,,13775,1218238536,,,,
Muisne,Muisne,0.61,-80.02,Ecuador,EC,ECU,Esmeraldas,,13393,1218271569,,,,
Baños,Banos,-1.3964,-78.4247,Ecuador,EC,ECU,Tungurahua,,12995,1218100027,,,,
Macará,Macara,-4.3833,-79.95,Ecuador,EC,ECU,Loja,,13035,1218426387,,,,
San Miguel de Salcedo,San Miguel de Salcedo,-1.05,-78.5833,Ecuador,EC,ECU,Cotopaxi,,12488,1218435695,,,,
Valdez,Valdez,1.2671,-78.9855,Ecuador,EC,ECU,Esmeraldas,,11441,1218064465,,,,
Santa Cruz,Santa Cruz,-0.5333,-90.35,Ecuador,EC,ECU,Galápagos,,11262,1218773967,,,,
Tosagua,Tosagua,-0.7864,-80.2342,Ecuador,EC,ECU,Manabí,,10751,1218293218,,,,
Píllaro,Pillaro,-1.1667,-78.5333,Ecuador,EC,ECU,Tungurahua,,7444,1218633386,,,,
Pedro Vicente Maldonado,Pedro Vicente Maldonado,0.0853,-79.0511,Ecuador,EC,ECU,Pichincha,,5561,1218943732,,,,
Archidona,Archidona,-0.9167,-77.7833,Ecuador,EC,ECU,Napo,,5478,1218000011,,,,
Puerto Villamil,Puerto Villamil,-0.9333,-91.0167,Ecuador,EC,ECU,Galápagos,,2200,1218383536,,,,
Yaupi,Yaupi,-2.8543,-77.9363,Ecuador,EC,ECU,Morona-Santiago,,293,1218516951,,,,
